run_id,code_commit,method,config_path,seed,parent_checkpoints,steps,batch_size,context,processed_targets_including_ancestry,parameters,hardware,threads,train_precision,train_seconds,validation_seconds,test_seconds,peak_ram_gb,peak_gpu_allocated_gb,validation_bpb,test_bpb,checkpoint_sha256,selected_on,notes
baseline-s17,,baseline GPT (model.py unchanged),configs/baseline.json,17,none,1200,32,256,9830400,1088256,AMD Ryzen 7 9800X3D (CPU),4,fp32,288.29,4.03,4.56,,0.0,2.071084,2.101260,373ecbab12cc5e3e6f5004dcc23f6c93d593057b0a509cef392410739fb59d32,fixed recipe (reference reproduction),matches README ~2.10 test BPB; reference Xeon: train 311s / score 5.92s; local 5x scoring budget = 22.8s
student-eqtok-s17,,student GPT: RMSNorm+RoPE+QK-Norm+SwiGLU(512)+residual-scaled init+tied emb; AdamW(0.9/0.95) wd=0.1 on 2D+ only; lr 3e-3 warmup 120 cosine->10%; EMA d=0.99,configs/student.json,17,none,1200,32,256,9830400,3050304,NVIDIA RTX 5080 (train bf16); Ryzen 7 9800X3D 4-thread (eval fp32),4,bf16,20.97,10.69 (CPU fp32 val),,,1.04,1.679617,,500d70bde3034a5c6937f403327e73f53c81ecf79c83688781d5154f2af14f65,equal-token comparison vs baseline (same processed targets & seed),GPU train 21.0s; EMA val 1.679617 vs raw 1.684590 (EMA gain 0.0050 = paired ablation); CPU val 2.65x baseline val time -> est. test ~12s < 22.8s budget; val curve still descending at 1200 steps -> longer run next
student-long-s17,,same recipe as student-eqtok-s17 but 8000-step cosine (warmup 800) + EMA d=0.999,configs/student.json,17,none,8000,32,256,65536000,3050304,NVIDIA RTX 5080 (train bf16); Ryzen 7 9800X3D 4-thread (eval fp32),4,bf16,133.11,,,,1.04,1.660498,,0f6ff9a4192a391e20ef0714f9a73a0062e3bb3537a9f2295344d09af05dddcd,validation curve (exploration run; final ckpt = step-8000 EMA),OVERFITTING FOUND: val min 1.595333 at step 4800 (39.3M tok ~10.9 ep) then rises to 1.660498 at 8000; raw 1.715278 -> EMA gain 0.0548 (EMA acts as regularizer late in training); schedules of different total steps are not pointwise comparable (step-1200 here 2.008 vs eq-tok run 1.6796 due to warmup/anneal shape); next: re-run annealed-to-4800
student-4800-s17,,same recipe; cosine annealed-to-4800 (warmup 480) + EMA d=0.998,configs/student.json,17,none,4800,32,256,39321600,3050304,NVIDIA RTX 5080 (train bf16); Ryzen 7 9800X3D 4-thread (eval fp32),4,bf16,89.37,,,,1.04,1.631128,,a517af0644ef805f556d9a58c148d4313f1a5ef87b050e27a0e0a7161bbfc7e4,validation curve (exploration run),FULL ANNEAL LOST TO INTERRUPTED RUN: best 1.609023 at step 3400 vs long-run EMA 1.595333 at equal token count (39.3M); in overfit regime a higher tail lr + longer EMA window (0.999/1000 steps) regularizes better than annealing to 3e-4; raw final 1.658213 (EMA gain 0.0271); decision: keep 8000-step schedule + add best-EMA-snapshot saving
student-8000best-s17,,same recipe as student-long-s17 + best-EMA-snapshot on val (eval-every 200); EMA d=0.999,configs/student.json,17,none,8000,32,256,65536000,3050304,NVIDIA RTX 5080 (train bf16); Ryzen 7 9800X3D 4-thread (eval fp32),4,bf16,127.79,10.39 (CPU fp32 val of best ckpt),,,1.04,1.591763 (EMA @ step 5000 = best_checkpoint.pt; final-step EMA 1.656233),,209d6be50bac7661acdb22473936c2809d8a4711f28a680bccab00919c02a040,validation checkpoint selection (best EMA snapshot; basin 4400-5600),val min 1.5918 at 5000 steps (41.0M tok ~11.3 ep); raw final 1.711448 -> EMA gain 0.0552; GPU train NOT bitwise reproducible (embedding backward atomics): same-seed rerun drifts ~3e-4 val by step 1200; CPU fp32 eval of ckpt IS exact (1.5917630774 vs 1.5917630759); train cost so far: 4 GPU runs ~7 min total
student-drop005-s17,,student recipe + dropout 0.05 (SDPA + both residual branches); 8000-step cosine; EMA d=0.999,configs/student_drop005.json,17,none,8000,32,256,65536000,3050304,NVIDIA RTX 5080 (train bf16); Ryzen 7 9800X3D 4-thread (eval fp32),4,bf16,132.8,,,,1.04,1.555909 (EMA @7000 = best_checkpoint.pt),,4452f6d3f2e593b921d58c1e4f106cc589c9ff51dfbe2cd75ad67c07b19ae61e,validation best snapshot,dropout sweep 1/3: -0.0359 vs no-drop best 1.5918@5000; valley shifted 5000->7000 as predicted (dropout delays memorization); final EMA 1.5574 raw 1.5736 -> EMA gain shrank to 0.016
student-d8-s17,,student recipe depth 8 (3.94M params); no dropout; 8000-step cosine; EMA d=0.999,configs/student_d8.json,17,none,8000,32,256,65536000,3935936,NVIDIA RTX 5080 (train bf16); Ryzen 7 9800X3D 4-thread (eval fp32),4,bf16,163.78,,,,1.30,1.579290 (EMA @4600 = best_checkpoint.pt),,fb20658eca9a3400ae592f02eebc8d37181ff30e8668bb9fea933e5689c4ea44,validation best snapshot,scale probe: only -0.0125 vs depth-6 (1.5918@5000); valley EARLIER (4600) = bigger model memorizes faster; est. CPU test ~16.5s eats budget headroom; verdict: weak gain per CPU-second - keep d6 unless dropout combo proves otherwise; raw 1.740852
student-ema9995-s17,,student recipe; EMA d=0.9995 (window 2000 = 25% of steps); no dropout,configs/student.json,17,none,8000,32,256,65536000,3050304,NVIDIA RTX 5080 (train bf16); Ryzen 7 9800X3D 4-thread (eval fp32),4,bf16,125.61,,,,1.04,1.625079 (EMA @6800 = best_checkpoint.pt),,8c3df316d2f57c31ed4d19841a4eec118c59008f5f5566bde6331258bc9c1c38,validation best snapshot,EMA window probe FAILED: window 2000 worse than 1000 (1.6251 vs 1.5918); wide window keeps averaging weights from past the valley (memorized); keep d=0.999; raw 1.713404
student-drop010-s17,,student recipe + dropout 0.10; 8000-step cosine; EMA d=0.999,configs/student_drop010.json,17,none,8000,32,256,65536000,3050304,NVIDIA RTX 5080 (train bf16); Ryzen 7 9800X3D 4-thread (eval fp32),4,bf16,139.4,,,,1.04,1.545529 (EMA @8000 = best_checkpoint.pt),,4599743ee1c941baead0c466d21821f0f476515b17f0ab8ef6e77fdbcda63c2c,validation best snapshot,dropout sweep 2/3: -0.0463 vs no-drop; valley AT schedule end (still descending) -> longer schedule candidate; raw 1.5541 EMA gain 0.009
student-drop015-s17,,student recipe + dropout 0.15; 8000-step cosine; EMA d=0.999,configs/student_drop015.json,17,none,8000,32,256,65536000,3050304,NVIDIA RTX 5080 (train bf16); Ryzen 7 9800X3D 4-thread (eval fp32),4,bf16,141.8,,,,1.04,1.544692 (EMA @8000 = best_checkpoint.pt),,ac96e10e40762fcd759fa47c91e40b8d7c937bcf6a0ffc3187e248f739408086,validation best snapshot,dropout sweep 3/3: statistically tied with 0.10 (delta 0.0008 < noise); valley at schedule end; raw 1.5504; next: 16000-step schedule + try dropout 0.2
student-drop015-16k-s17,,student recipe + dropout 0.15; 16000-step cosine (warmup 1600); EMA d=0.999,configs/student_drop015.json,17,none,16000,32,256,131072000,3050304,NVIDIA RTX 5080 (train bf16); Ryzen 7 9800X3D 4-thread (eval fp32),4,bf16,256.21,,,,1.04,1.516451 (EMA @16000 = best = final),,7b33aeebb683f881e5f13bf5a85db77919952db818a32b56bb5657871f943879,validation best snapshot,long-schedule probe: -0.0282 vs 8k (1.5447); monotone descent but tail flattening (deltas -0.0001..-0.0004/400 steps) -> near data ceiling; valley at schedule end again; raw final 1.527457 (EMA gain 0.0110 recovered on longer schedule); queued: drop020-16k then maybe drop015-24k / d8-drop015-16k
student-drop020-16k-s17,,student recipe + dropout 0.20; 16000-step cosine (warmup 1600); EMA d=0.999,configs/student_drop020.json,17,none,16000,32,256,131072000,3050304,NVIDIA RTX 5080 (train bf16); Ryzen 7 9800X3D 4-thread (eval fp32),4,bf16,257.00,,,,1.04,1.515641 (EMA @16000 = best = final),,4e80236dd1c9873a2848876861cd15bbe8a1ab9b94735d5949d3b08ed2d8645e,validation best snapshot,DOSE AXIS CLOSED: 0.20 vs 0.15 delta 0.0009 = statistical tie; drop015 led mid-run (@8000: 1.5435 vs 1.5515) -> keep dropout 0.15; dose-response for report: 0/.05/.10/.15/.20 = 1.5918*/1.5559/1.5455/1.5447/1.5156 (*8k schedule); raw 1.525878; next: drop015-24k ceiling probe + d8-drop015 combo
student-drop015-24k-s17,,student recipe + dropout 0.15; 24000-step cosine (warmup 2400); EMA d=0.999,configs/student_drop015.json,17,none,24000,32,256,196608000,3050304,NVIDIA RTX 5080 (train bf16); Ryzen 7 9800X3D 4-thread (eval fp32),4,bf16,413.20,,,,1.04,1.499414 (EMA @23200 = best_checkpoint.pt; final 1.499575),,1ed8e3f797b1e2ea4cf2f548cb6bf9a72b6d8f9c457cfeb5989316f61b179ec1,validation best snapshot,CEILING PROBE SUCCESS: -0.0171 vs 16k (tail extrapolation predicted only -0.002..-0.004; longer cosine reallocates lr globally - schedule length is NOT locally extrapolable); curve flat 20000-24000 (~1.500) valley INSIDE @23200 + tiny end uptick = true converged bottom; data ceiling for d6+drop015 ~= 1.50; raw 1.512574 (EMA gain 0.013); SCHEDULE AXIS CLOSED at 24k; next: d8-drop015-16k controlled combo probe
student-d8drop015-16k-s17,,depth-8 student (3.94M params) + dropout 0.15; 16000-step cosine; EMA d=0.999,configs/student_d8_drop015.json,17,none,16000,32,256,131072000,3935936,NVIDIA RTX 5080 (train bf16); Ryzen 7 9800X3D 4-thread (eval fp32),4,bf16,329.40,,,,1.33,1.506442 (EMA @14800 = best_checkpoint.pt),,a5146ba325d6032b2f31e40ddcc3539a1d668f8b5dba0f6a330412ebc5576230,validation best snapshot,COMBO WIN: -0.0101 vs d6-drop015@16k (1.5165); DROPOUT UNLOCKED DEPTH (d8-no-drop valley was early @4600 = fast memorization; with drop015 valley inside schedule @14800 = true convergence); interaction effect for report; raw 1.518695 (EMA gain 0.012); est. CPU test ~15.7s < 22.8s budget; next: d8-drop015@24k final recipe candidate
student-d8drop015-24k-s17,,FROZEN FINAL RECIPE: depth-8 + dropout 0.15 + 24000-step cosine (warmup 2400) + EMA d=0.999 + lr 3e-3 AdamW(0.9/0.95) wd 0.1 on 2D only + bf16,configs/student_d8_drop015.json,17,none,24000,32,256,196608000,3935936,NVIDIA RTX 5080 (train bf16); Ryzen 7 9800X3D 4-thread (eval fp32),4,bf16,544.50,,,,1.33,1.493970 (EMA @18800 = best_checkpoint.pt; final 1.496391),,11596115f39b146427e2ea7a49e347ccbeb2e7f6740aab2e304e8645b5468f19,validation best snapshot; FROZEN as final predictor pending CPU budget verify,BEATS d6@24k (1.499414) by 0.0054 -> depth-8 retained; valley INSIDE schedule @18800 + mild end uptick (memorization tail) -> best-snapshot selection essential; raw 1.511116 (EMA gain 0.0171); search cost to date: ~14 formal GPU runs / ~48 min; next: CPU timing verify + 3 ablations (noRoPE/GELU/noQK) on frozen base; CPU verify PASSED (val 13.39s -> est test ~15.2s < 22.8s; CPU bpb 1.49396997 == GPU to 7 decimals)
abl-norope-s17,,ABLATION 1/3: frozen recipe with use_rope=false (learned absolute pos table instead; +49152 params),configs/abl_norope.json,17,none,24000,32,256,196608000,3985088,NVIDIA RTX 5080 (train bf16); Ryzen 7 9800X3D 4-thread (eval fp32),4,bf16,432.00,,,,1.33,1.505659 (EMA @23200 = best_checkpoint.pt),,c7868edee59c8442a073172e3117eec4715b385c7a7d3e58e3a013acc89e7c6a,paired ablation vs frozen recipe (1.493970),RoPE worth 0.0117 BPB; frozen curve above at EVERY sample point; cost side: RoPE adds 26% train time (544s vs 432s; per-layer elementwise rotations on q/k) -> quality/cost tradeoff for report; raw 1.520426
abl-gelu-s17,,ABLATION 2/3 -> UPSET: frozen recipe with mlp=gelu (param-matched 2x768 vs 3x512 per block),configs/abl_gelu.json,17,none,24000,32,256,196608000,3935936,NVIDIA RTX 5080 (train bf16); Ryzen 7 9800X3D 4-thread (eval fp32),4,bf16,505.50,,,,1.33,1.481952 (EMA @20400 = best_checkpoint.pt),,b853c90bc870b79fe06aaed1bb1bd919f39ad9fd62f546d2685399271a587e4b,paired ablation vs frozen recipe (1.493970),GELU BEATS SwiGLU by 0.0120 BPB at equal params; lower at every sampled step; 4-10x noise floor -> real; SwiGLU advantage is scale-dependent in literature and does NOT hold at 3.9M params with heavy dropout; DECISION: switch frozen base to GELU variant (val-selected; test untouched); re-pair noRoPE/noQK ablations on GELU base + probe gelu-d6; raw 1.498944 (EMA gain 0.017)
abl-noqk-s17,,ABLATION 3/3 (SwiGLU base): frozen recipe with use_qk_norm=false,configs/abl_noqk.json,17,none,24000,32,256,196608000,3935936,NVIDIA RTX 5080 (train bf16); Ryzen 7 9800X3D 4-thread (eval fp32),4,bf16,376.10,,,,1.33,1.503708 (EMA @23600 = best_checkpoint.pt),,02cc5f9081b244d9d4397e549bc79ff725514c5e70c223713182052809054b8c,paired ablation vs swiglu frozen recipe (1.493970),QK-Norm worth 0.0097 BPB; NO instability without it (warmup+clip+dropout sufficed at lr 3e-3) -> its value is steady quality not crash-prevention here; COST FINDING: QK-Norm = +45% train time (544s vs 376s; per-head fp32 RMSNorm on q/k x8 layers is expensive under bf16 autocast); raw 1.518173; supplementary datapoint - final ablations re-paired on GELU base
student-d6gelu-24k-s17,,depth probe on GELU base: d6 + gelu(768) + dropout 0.15 + 24k cosine + EMA 0.999,configs/student_d6_gelu.json,17,none,24000,32,256,196608000,3050304,NVIDIA RTX 5080 (train bf16); Ryzen 7 9800X3D 4-thread (eval fp32),4,bf16,363.30,,,,1.04,1.492148 (EMA @23600 = best_checkpoint.pt),,9e9eddb88faa642c442756b97e90797f104acd94829b74569f0ae8bfab9e82b6,validation best snapshot; depth probe,DEPTH CONFIRMED on GELU base: d8 wins by 0.0101 (vs 0.0054 margin on SwiGLU base - depth dividend GREW with GELU; single-seed observation for report discussion); FINAL FROZEN RECIPE = d8+gelu768+drop015+24k+EMA0.999; frozen predictor = abl-gelu-s17/best_checkpoint.pt (val 1.481952 sha b853c90b...); raw 1.505822; next: re-pair noRoPE/noQK on GELU base then single test eval
abl-gelu-norope-s17,,RE-PAIRED ABLATION (GELU base): frozen GELU recipe with use_rope=false (learned pos table; +49152 params),configs/abl_gelu_norope.json,17,none,24000,32,256,196608000,3985088,NVIDIA RTX 5080 (train bf16); Ryzen 7 9800X3D 4-thread (eval fp32),4,bf16,401.20,,,,1.33,1.486995 (EMA @23200 = best_checkpoint.pt),,95f233f42ae643322ad1dce471f611d39207ebcf5f1c22160bc9233133d2269c,paired ablation vs GELU frozen recipe (1.481952),RoPE worth only 0.0050 BPB on GELU base (vs 0.0117 on SwiGLU base) - mechanism contributions are base-dependent; margin near noise floor (0.001-0.003) single seed; RoPE keeps -49k params but +26% train time; EMA gain base-INsensitive: GELU raw 1.498944 vs EMA 1.481952 = 0.0169 ~= SwiGLU base 0.0171 (training-dynamics mechanism does not interact with architecture); raw 1.503447
abl-gelu-noqk-s17,,RE-PAIRED ABLATION (GELU base): frozen GELU recipe with use_qk_norm=false,configs/abl_gelu_noqk.json,17,none,24000,32,256,196608000,3935936,NVIDIA RTX 5080 (train bf16); Ryzen 7 9800X3D 4-thread (eval fp32),4,bf16,349.00,,,,1.33,1.492693 (EMA @20000 = best_checkpoint.pt),,555103e54cb08b89d3ddb41173c92ca2a523d5c51f9fc8d1016b12e937fccc74,paired ablation vs GELU frozen recipe (1.481952),QK-Norm worth 0.0107 on GELU base ~= 0.0097 on SwiGLU base -> STABLE across bases (contrast RoPE which halved); no instability without it; cost +45% train time (505.5s vs 349.0s fp32 per-head norms under bf16 autocast); ABLATION MATRIX COMPLETE (EMA 0.0169 / QKNorm 0.0107 / RoPE 0.0050 / dropout ~0.047 cross-base / SwiGLU->GELU -0.0120); raw 1.508729; next: docstring freeze + final run + single test eval
